slug,title,category,primary_keyword,intent,summary,url,citations_doi,n_citations
"air-hunger-perimenopause","Air Hunger in Perimenopause: Why You Can't Get a Full Breath","Menopause Symptoms","air hunger perimenopause","informational","Air hunger in perimenopause, the feeling you can't get a full breath, is usually falling progesterone changing how breathing is controlled, not your lungs. The science, what helps, and when to see a doctor.","https://estrogenleftthechat.com/blog/air-hunger-perimenopause","10.1371/journal.pone.0100421; 10.1164/rccm.201605-0968OC","2"
"anti-inflammatory-eating-menopause","Anti-Inflammatory Eating for Menopause: Your Shield Against Midlife Changes","Menopause Nutrition","anti-inflammatory eating plan for menopause","informational","Learn why an anti-inflammatory eating plan is crucial during menopause. Expert analysis on how dietary inflammation impacts weight, metabolism, and long-term health, and actionable steps you can take today.","https://estrogenleftthechat.com/blog/anti-inflammatory-eating-menopause","10.31557/APJCP.2026.27.4.1459; 10.1097/GME.0000000000002785; 10.1177/00034894261435259","3"
"belly-fat-menopause-diet-estrobolome","Belly Fat Menopause Diet: Why Your Estrobolome Holds the Key","Menopause Nutrition","belly fat menopause diet","informational","Struggling with menopause belly fat? This deep dive explains how your diet affects your estrobolome, a key player in estrogen metabolism and weight management. Learn actionable insights from ""Estrogen Left the Chat.""","https://estrogenleftthechat.com/blog/belly-fat-menopause-diet-estrobolome","","0"
"best-foods-for-belly-fat-in-menopause","Beat Menopause Belly Fat: Foods That Actually Help","Menopause Nutrition","best foods for belly fat in menopause","informational","Struggling with menopause belly fat? Explore the best foods to help reduce abdominal fat and support your body through hormonal changes naturally.","https://estrogenleftthechat.com/blog/best-foods-for-belly-fat-in-menopause","","0"
"best-foods-menopause-weight-loss","Best Foods for Menopause Weight Loss: A Hormonal Approach","Weight Gain After 40","best foods for menopause weight loss","informational","Uncover the best foods for menopause weight loss, focusing on hormone-supportive nutrition. Learn why traditional diets fail after 40 and what to eat to reclaim your metabolic health.","https://estrogenleftthechat.com/blog/best-foods-menopause-weight-loss","","0"
"biohacking-menopause-omega3-hormonal-balance","Biohacking Menopause: Omega-3 Fatty Acids for Hormonal Balance","Supplements & Biohacks","omega-3 in menopause","informational","Unlock the power of omega-3 in menopause for hormonal balance, inflammation reduction, and cognitive health. Learn how to optimize your intake for midlife wellness.","https://estrogenleftthechat.com/blog/biohacking-menopause-omega3-hormonal-balance","","0"
"body-composition-changes-midlife","Body Composition Changes in Midlife: Beyond the Scale","Weight Gain After 40","body composition changes in midlife","informational","Beyond the scale: understand the critical body composition changes in midlife, especially after 40, and learn how internal factors impact your health. Marilyn Luis breaks down the science for midlife women.","https://estrogenleftthechat.com/blog/body-composition-changes-midlife","10.1177/00368504261437185; 10.1128/spectrum.03123-25; 10.7759/cureus.103873","3"
"boost-mental-clarity-after-40","Boost Mental Clarity After 40: Hormones, Nutrition & Neuroprotection","Mood & Brain Fog","mental clarity after 40","informational","Struggling with mental clarity after 40? Discover expert insights on how hormonal shifts, neuroprotection, and personalized nutrition can sharpen your focus and mood in perimenopause and beyond.","https://estrogenleftthechat.com/blog/boost-mental-clarity-after-40","10.1093/schbul/sbaf170; 10.1093/schbul/sbaf217; 10.1080/27697061.2026.2632580","3"
"brain-fog-menopause-explained","Brain Fog in Menopause: Why It Happens and What Helps","Mood & Brain Fog","","informational","Brain fog in menopause explained: why it happens, the role of estrogen in cognition, and evidence-based strategies to support mental clarity.","https://estrogenleftthechat.com/blog/brain-fog-menopause-explained","","0"
"burning-tongue-perimenopause","Burning Tongue in Perimenopause: Why Your Mouth Feels Weird and What to Do","Menopause Symptoms","burning tongue perimenopause","","Burning or tingling tongue in perimenopause: why falling estrogen causes burning mouth syndrome, what the research shows, what actually helps, and when to see a doctor.","https://estrogenleftthechat.com/blog/burning-tongue-perimenopause","10.1016/j.jds.2021.06.007; 10.1016/j.jds.2025.06.011; 10.4103/jmh.jmh_125_24; 10.3390/neurolint17040061","4"
"busting-menopause-myths-hormones-cognition-mental-health","Busting Menopause Myths: Hormones, Cognition & Mental Health","Hormones & Lifestyle","menopause myths","informational","Debunk common menopause myths with expert insights. Learn how hormonal shifts affect cognition and mental health, with evidence-based strategies for midlife.","https://estrogenleftthechat.com/blog/busting-menopause-myths-hormones-cognition-mental-health","10.1002/ijgo.70944; 10.1002/ijgo.70943; 10.3390/medicina62030491","3"
"cant-sleep-menopause-culprit","Can't Sleep? Menopause Might Be the Culprit – Here's Why","Sleep & Stress","can't sleep menopause","informational","Can't sleep due to menopause? Learn how hormonal shifts impact sleep quality, raise CVD risk, and what to do. Expert insights for restful nights.","https://estrogenleftthechat.com/blog/cant-sleep-menopause-culprit","10.1113/EP092848; 10.1186/s12905-026-04576-y; 10.3389/fonc.2026.1770641","3"
"cant-sleep-menopause-reclaim-nights-science","Can't Sleep Menopause? Reclaim Your Nights With Science","Sleep & Stress","can't sleep menopause","informational","Experiencing 'can't sleep menopause' struggles? Understand the hormonal and metabolic reasons behind your sleep loss and discover effective, science-backed protocols to reclaim restorative sleep.","https://estrogenleftthechat.com/blog/cant-sleep-menopause-reclaim-nights-science","","0"
"cardiovascular-protection-postmenopause","Navigating Cardiovascular Protection in Postmenopause","Heart & Cardiovascular Health","cardiovascular protection postmenopause","informational","Cardiovascular protection in postmenopause requires a targeted approach. Discover how hormonal shifts like FSH impact heart health and the evolving role of HRT.","https://estrogenleftthechat.com/blog/cardiovascular-protection-postmenopause","10.1186/s12944-026-02922-5; 10.2147/IJWH.S571490; 10.3389/frph.2026.1745210","3"
"cardiovascular-protection-strategies-postmenopausal-women","Cardiovascular Protection: New Strategies for Postmenopausal Women","Heart & Cardiovascular Health","cardiovascular protection strategies for postmenopausal women","informational","Beyond estrogen, new research reveals FSH's role in cardiovascular risk after menopause. Learn about modern hormone therapy and actionable strategies for heart protection.","https://estrogenleftthechat.com/blog/cardiovascular-protection-strategies-postmenopausal-women","10.1186/s12944-026-02922-5; 10.2147/IJWH.S571490; 10.3389/frph.2026.1745210","3"
"cholesterol-changes-menopause-estrogen","Cholesterol & Menopause: Why LDL Soars Post-Estrogen","Heart & Cardiovascular Health","cholesterol changes in menopause","informational","Discover the real reasons cholesterol changes in menopause, particularly why LDL cholesterol often soars after estrogen decline. Understand the biological mechanisms and actionable strategies to safeguard your cardiovascular health during this critical transition.","https://estrogenleftthechat.com/blog/cholesterol-changes-menopause-estrogen","","0"
"cholesterol-changes-menopause-estrogen-1775635278217","Cholesterol & Menopause: Why Your LDL Soars Post-Estrogen","Heart & Cardiovascular Health","cholesterol changes in menopause LDL and estrogen","informational","Uncover the critical link between estrogen decline, menopause, and soaring LDL cholesterol. Learn the mechanisms behind these changes and how to protect your cardiovascular health.","https://estrogenleftthechat.com/blog/cholesterol-changes-menopause-estrogen-1775635278217","","0"
"circadian-rhythm-after-40","Circadian Rhythm After 40: Optimize Sleep & Hormones","Sleep & Stress","circadian rhythm after 40","informational","Unlock better sleep and hormonal balance by understanding your circadian rhythm after 40. Learn actionable strategies to combat sleep deprivation and boost cognitive health.","https://estrogenleftthechat.com/blog/circadian-rhythm-after-40","10.2147/IJWH.S562840; 10.1016/j.socscimed.2026.119213; 10.2196/84803","3"
"collagen-menopause-joint-pain-gut-health","Collagen for Menopause: Does it Really Work for Joint Pain & Gut Health?","Supplements & Biohacks","collagen for menopause","informational","Wondering if collagen for menopause is worth it? Explore new research on how collagen supplements can support joint health, gut integrity, and overall well-life in midlife women.","https://estrogenleftthechat.com/blog/collagen-menopause-joint-pain-gut-health","","0"
"cortisol-belly-fat-menopause","Why Cortisol & Stress Fuel Menopause Belly Fat – The Science","Sleep & Stress","cortisol and belly fat in menopause","informational","Explore the intricate link between cortisol and belly fat in menopause. This expert analysis uses recent research to provide actionable strategies for managing stress and reclaiming your midlife metabolism.","https://estrogenleftthechat.com/blog/cortisol-belly-fat-menopause","10.1016/j.socscimed.2026.119213; 10.2147/IJWH.S562840; 10.2196/84803","3"
"cortisol-stress-menopause-weight","Cortisol, Stress, and Menopause Weight: Breaking the Cycle","Sleep & Stress","","informational","How cortisol and stress drive menopause weight gain. Learn the science behind the stress-weight connection and practical strategies to break the cycle.","https://estrogenleftthechat.com/blog/cortisol-stress-menopause-weight","","0"
"creatine-for-menopause-muscle-bone-brain","Creatine for Menopause: Muscle, Bone, and Brain (What the 2026 Science Says)","Supplements & Biohacks","creatine for menopause","informational","Does creatine help in menopause? A 2026 meta-analysis shows gains in lean mass and strength for postmenopausal women, plus emerging brain benefits. Doses, safety, and how to take it.","https://estrogenleftthechat.com/blog/creatine-for-menopause-muscle-bone-brain","10.1186/s40798-025-00954-2; 10.7150/ijms.130435; 10.1016/j.neulet.2026.138616","3"
"dehydration-water-retention-menopause","Why Am I So Dehydrated in Menopause? Expert Secrets Unveiled","Menopause Nutrition","dehydration in menopause","informational","Decoding dehydration and water retention in menopause. Learn how hormonal changes cause thirst and bloating, and discover expert strategies to optimize hydration and metabolic health.","https://estrogenleftthechat.com/blog/dehydration-water-retention-menopause","","0"
"does-protein-help-with-menopause","Does Protein Help with Menopause? Unpacking the Science","Menopause Nutrition","does protein help with menopause","informational","Does protein help with menopause? Absolutely. Learn how protein combats weight gain, muscle loss, and metabolic slowdown during this hormonal transition.","https://estrogenleftthechat.com/blog/does-protein-help-with-menopause","","0"
"eating-for-menopause-weight-loss","Eating for Menopause Weight Loss: Why Your Biology Needs an Update","Weight Gain After 40","eating for menopause weight loss","informational","Struggling with menopause weight loss? Learn why declining estrogen changes your metabolism, making old diets obsolete. Uncover science-backed eating strategies for women over 40.","https://estrogenleftthechat.com/blog/eating-for-menopause-weight-loss","","0"
"electric-shocks-brain-zaps-perimenopause","Electric Shocks & Brain Zaps in Perimenopause: Why You Feel a Sudden Jolt","Menopause Symptoms","electric shocks perimenopause","informational","Can perimenopause cause electric shocks and brain zaps? Why fluctuating estrogen makes your nerves misfire, the hot-flash link, what helps, and when it means see a doctor.","https://estrogenleftthechat.com/blog/electric-shocks-brain-zaps-perimenopause","10.1002/alz.71291; 10.4103/jmh.jmh_238_25; 10.1097/gme.0000000000002774","3"
"estrobolome-gut-bacteria-estrogen-recycling-menopause","Estrobolome & Menopause: Why Your Gut is Key to Hormone Balance","Digestive & Gut Health","estrobolome gut bacteria","informational","Uncover the vital link between your estrobolome gut bacteria and estrogen recycling in menopause. Learn how gut health influences hormone balance and metabolic health.","https://estrogenleftthechat.com/blog/estrobolome-gut-bacteria-estrogen-recycling-menopause","","0"
"fiber-for-hormonal-balance-midlife-menopause","Fiber for Hormonal Balance: A Midlife Game-Changer for Women","Menopause Nutrition","fiber-rich foods hormonal balance","informational","Unlock hormonal balance after 40 with fiber-rich foods. Expert analyzes recent research, offering practical tips for menopause and weight management.","https://estrogenleftthechat.com/blog/fiber-for-hormonal-balance-midlife-menopause","10.1016/j.obpill.2026.100258; 10.1038/s41574-026-01245-w","2"
"fish-oil-menopause-benefits-beyond-basics","Fish Oil for Menopause: Benefits Beyond the Basics","Supplements & Biohacks","fish oil for menopause","informational","Beyond generic advice: uncover the science-backed benefits of fish oil for menopause symptoms like hot flashes, mood, and joint health. Learn smart dosing.","https://estrogenleftthechat.com/blog/fish-oil-menopause-benefits-beyond-basics","","0"
"food-sensitivities-perimenopause","Why Food Sensitivities Spike in Perimenopause & How to Cope","Digestive & Gut Health","food sensitivities perimenopause","informational","Suddenly sensitive to foods in perimenopause? Learn why declining estrogen, gut dysbiosis, and inflammation are behind new food sensitivities and what to do.","https://estrogenleftthechat.com/blog/food-sensitivities-perimenopause","","0"
"gut-health-menopause-myth-fact","Unpacking Gut Health in Menopause: Why Your Gut is Shifting","Digestive & Gut Health","gut health menopause","informational","Wondering about gut health in menopause? This expert analysis breaks down recent studies, revealing the complex link between estrogen decline, gut microbiome, and midlife metabolic changes.","https://estrogenleftthechat.com/blog/gut-health-menopause-myth-fact","10.3389/fendo.2026.1780806; 10.1039/d6fo00429f; 10.3390/nu18071130","3"
"gut-health-menopause-weight-gain-connection","Gut Health & Menopause Weight Gain: The Surprising Connection","Digestive & Gut Health","gut health menopause weight gain","informational","Uncover the surprising connection between gut health and menopause weight gain. Marilyn Luis from 'Estrogen Left the Chat' explains the science and offers protocols to reclaim your metabolism.","https://estrogenleftthechat.com/blog/gut-health-menopause-weight-gain-connection","","0"
"hard-to-lose-weight-after-menopause-estrogen-metabolites","Why It's So Hard to Lose Weight After Menopause: Estrogen's Role","Weight Gain After 40","hard to lose weight after menopause","informational","Are you asking why it's so hard to lose weight after menopause? Learn about 2-hydroxy vs. 16-hydroxy estrogen metabolites and how they impact metabolism. Uncover the science behind stubborn weight gain and a targeted protocol from 'Estrogen Left the Chat' to reclaim your health.","https://estrogenleftthechat.com/blog/hard-to-lose-weight-after-menopause-estrogen-metabolites","","0"
"histamine-intolerance-perimenopause","Histamine Intolerance and Perimenopause: Why You Suddenly React to Wine, Cheese, and Pollen","Menopause Nutrition","histamine intolerance perimenopause","informational","Can perimenopause cause histamine intolerance? Why estrogen makes you suddenly react to wine, cheese, and pollen, what actually helps, and the allergy red flags that need a doctor.","https://estrogenleftthechat.com/blog/histamine-intolerance-perimenopause","10.3389/falgy.2026.1777688; 10.3390/ijms26189198","2"
"hormonal-changes-after-40-beyond-hrt-personalized-nutrition","Hormonal Changes After 40: Beyond HRT & Personalized Nutrition","Hormones & Lifestyle","hormonal changes after 40","informational","Dive deep into the latest science on managing hormonal changes after 40. Learn about fezzolinetant, personalized nutrition, and lifestyle interventions that go beyond traditional HRT for better midlife health and symptom relief.","https://estrogenleftthechat.com/blog/hormonal-changes-after-40-beyond-hrt-personalized-nutrition","10.1097/01.JAA.0000000000000332; 10.1080/27697061.2026.2632580; 10.1371/journal.pone.0345517","3"
"hormonal-changes-after-40-midlife-health-risks","Hormonal Changes After 40: Decoding Midlife Health Risks","Menopause Symptoms","hormonal changes after 40","informational","Decoding the real impact of hormonal changes after 40 on health. Learn about the surprising link between hypothyroidism and cancer, and the under-addressed sexual health crisis.","https://estrogenleftthechat.com/blog/hormonal-changes-after-40-midlife-health-risks","10.1007/s10654-026-01391-5; 10.1111/ctr.70518; 10.2196/84803","3"
"hormone-changes-after-40","Hormonal Shift: Decoding Hormone Changes After 40","Hormones & Lifestyle","hormone changes after 40","informational","Are you experiencing unexplained symptoms in your 40s? Learn about the hormone changes after 40, including estrogen and progesterone shifts, and discover actionable tips to navigate perimenopause gracefully.","https://estrogenleftthechat.com/blog/hormone-changes-after-40","","0"
"hormones-in-midlife-menopause-memory-medicine","Hormones in Midlife: Menopause, Memory & Modern Medicine","Hormones & Lifestyle","hormones in midlife","informational","Explore the critical role of hormones in midlife, particularly in menopause. We analyze new findings on MHT, Alzheimer's risk, and expert recommendations.","https://estrogenleftthechat.com/blog/hormones-in-midlife-menopause-memory-medicine","10.3389/fgene.2026.1733593; 10.1016/j.maturitas.2026.108923; 10.1007/s10549-026-07950-4","3"
"how-to-lose-weight-during-menopause-overnight-fasting","Lose Weight During Menopause: The Overnight Fasting Secret","Weight Gain After 40","how to lose weight during menopause","informational","Struggling to lose weight during menopause? Learn the science behind overnight fasting and sleep quality from 'Estrogen Left the Chat' to reset your metabolism.","https://estrogenleftthechat.com/blog/how-to-lose-weight-during-menopause-overnight-fasting","","0"
"how-to-lose-weight-in-menopause-protein-leverage","Protein Power: How to Lose Weight in Menopause with 30g/Meal","Weight Gain After 40","how to lose weight in menopause","informational","Struggling how to lose weight in menopause? Learn about the protein leverage hypothesis and the 30g per meal protein rule to combat metabolic slowdown.","https://estrogenleftthechat.com/blog/how-to-lose-weight-in-menopause-protein-leverage","","0"
"improve-gut-health-menopause","Unlock Your Gut: How to Improve Gut Health in Menopause","Digestive & Gut Health","improve gut health menopause","informational","Learn how to improve gut health in menopause with science-backed strategies. Understand the estrogen-gut microbiome link, inflammation, and metabolic changes.","https://estrogenleftthechat.com/blog/improve-gut-health-menopause","10.3390/nu18071052; 10.3390/nu18071130; 10.1016/j.jgg.2026.03.023","3"
"increase-metabolism-menopause","Boost Metabolism in Menopause: Scientific Strategies for Midlife Women","Metabolism in Midlife","how do I increase my metabolism during menopause","informational","Struggling with a slow metabolism in menopause? Learn what science says about boosting your metabolism, addressing hormonal shifts, and effective lifestyle changes for women over 40.","https://estrogenleftthechat.com/blog/increase-metabolism-menopause","10.1007/s11357-026-02257-0; 10.1016/j.cgh.2026.04.005; 10.14814/phy2.70857","3"
"insulin-resistance-menopause","Why Insulin Resistance in Menopause Makes Weight Loss Harder","Metabolism in Midlife","insulin resistance menopause","informational","Understanding insulin resistance in menopause is crucial for midlife women. Learn how estrogen decline affects your metabolism and discover effective strategies from 'Estrogen Left the Chat' to regain control.","https://estrogenleftthechat.com/blog/insulin-resistance-menopause","","0"
"insulin-resistance-menopause-diet","Insulin Resistance Menopause Diet: What to Eat to Reverse It","Menopause Nutrition","insulin resistance menopause diet","informational","Explore the science behind insulin resistance in menopause and why a specialized diet is key. This article details dietary protocols to stabilize blood sugar and optimize metabolism.","https://estrogenleftthechat.com/blog/insulin-resistance-menopause-diet","","0"
"insulin-resistance-menopause-diet-plan","Insulin Resistance Menopause Diet Plan: Expert Strategies for Midlife","Menopause Nutrition","insulin resistance menopause diet plan","informational","Combat insulin resistance in menopause with an expert insulin resistance menopause diet plan. Learn how to manage blood sugar, reduce belly fat, and protect cognitive function as estrogen shifts. Actionable, science-backed insights.","https://estrogenleftthechat.com/blog/insulin-resistance-menopause-diet-plan","10.1002/ijgo.70944; 10.3390/ijerph23030408; 10.3390/antiox15030342","3"
"insulin-resistance-menopause-diet-plan-1774792868369","Insulin Resistance & Menopause: Your Biohacking Diet Plan","Metabolism in Midlife","insulin resistance menopause diet plan","informational","Combat insulin resistance in menopause with expert diet strategies. Learn how to biohack your metabolism, manage blood sugar, and reduce mortality risk.","https://estrogenleftthechat.com/blog/insulin-resistance-menopause-diet-plan-1774792868369","10.3390/medicina62030491; 10.1002/jper.70134; 10.1002/ijgo.70943","3"
"insulin-resistance-menopause-weight-gain-estrogen-left-the-chat","Insulin Resistance & Menopause Weight Gain: Your Body Changed","Weight Gain After 40","insulin resistance menopause weight gain","informational","Uncover the science behind insulin resistance and menopause weight gain. Learn how estrogen’s decline impacts your metabolism and effective strategies from 'Estrogen Left the Chat' to reverse it.","https://estrogenleftthechat.com/blog/insulin-resistance-menopause-weight-gain-estrogen-left-the-chat","","0"
"insulin-resistance-perimenopause","Insulin Resistance in Perimenopause: What's Really Happening?","Perimenopause","insulin resistance perimenopause","informational","Uncover the truth about insulin resistance in perimenopause. Learn why hormonal shifts, not willpower, drive weight gain and what you can do about it.","https://estrogenleftthechat.com/blog/insulin-resistance-perimenopause","10.1080/08952841.2026.2680873; 10.3892/etm.2026.13183","2"
"internal-vibrations-perimenopause","Internal Vibrations in Perimenopause: Why Your Body Buzzes (and What It Means)","Menopause Symptoms","internal vibrations perimenopause","informational","Can perimenopause cause internal vibrations? Why fluctuating estrogen makes your body buzz with no visible tremor, what helps, and the symptoms that mean see a doctor.","https://estrogenleftthechat.com/blog/internal-vibrations-perimenopause","10.1002/alz.71291; 10.4103/jmh.jmh_238_25","2"
"itchy-ears-perimenopause","Itchy Ears in Perimenopause: The Symptom No One Warns You About","Menopause Symptoms","itchy ears perimenopause","informational","Itchy ears in perimenopause are a real, overlooked symptom: falling estrogen dries the ear-canal skin and heightens histamine. Why it happens, what helps, and when to see a doctor.","https://estrogenleftthechat.com/blog/itchy-ears-perimenopause","10.1111/jocd.70393; 10.1007/s13555-020-00468-7; 10.3389/falgy.2026.1777688","3"
"leaky-gut-inflammation-midlife-women","Leaky Gut & Chronic Inflammation in Midlife Women: Your Guide","Digestive & Gut Health","leaky gut and inflammation midlife women","informational","Are you experiencing unexplained aches, fatigue, or weight gain in midlife? Leaky gut and inflammation might be the culprits. Learn how hormones play a role and science-backed solutions.","https://estrogenleftthechat.com/blog/leaky-gut-inflammation-midlife-women","","0"
"melatonin-menopause-metabolism-fix-book","Melatonin for Menopause Metabolism: Beyond Just Sleep Aid","Metabolism in Midlife","menopause metabolism fix book","informational","Beyond sleep, melatonin is a key metabolic hormone in menopause. Learn how to optimize it for a menopause metabolism fix, reduce weight gain, and boost energy. Based on 'Estrogen Left the Chat.'","https://estrogenleftthechat.com/blog/melatonin-menopause-metabolism-fix-book","","0"
"melatonin-menopause-weight-loss","Melatonin for Menopause Weight Loss: Beyond Just Sleep","Weight Gain After 40","melatonin menopause weight loss","informational","Uncover how melatonin influences metabolism and fat burning in menopause, helping with weight loss. Learn why declining estrogen affects melatonin and practical strategies.","https://estrogenleftthechat.com/blog/melatonin-menopause-weight-loss","","0"
"memory-loss-menopause-brain-fog-dementia","Memory Loss in Menopause: Is it Brain Fog or Early Dementia?","Mood & Brain Fog","memory loss in menopause","informational","Are you experiencing memory loss in menopause? Understand the difference between menopause-related brain fog and early signs of dementia, and what science says about estrogen's role.","https://estrogenleftthechat.com/blog/memory-loss-menopause-brain-fog-dementia","10.1152/ajpregu.00031.2026; 10.1111/head.70071; 10.2147/IJWH.S568638","3"
"menopause-diet-plan-lose-weight-adaptogens","The Menopause Diet Plan: Adaptogens for Sustainable Weight Loss","Weight Gain After 40","menopause diet plan to lose weight","informational","Unlock a smarter menopause diet plan to lose weight by understanding the role of ashwagandha and maca. Learn the science and protocols from Estrogen Left the Chat.","https://estrogenleftthechat.com/blog/menopause-diet-plan-lose-weight-adaptogens","","0"
"menopause-do-i-need-testosterone","Do I Need Testosterone in Menopause? What the Science Actually Says","Menopause Symptoms","menopause do i need testosterone","","Do women in menopause need testosterone? Research shows it helps only for low libido (HSDD), not fatigue or brain fog. Learn what the evidence actually supports.","https://estrogenleftthechat.com/blog/menopause-do-i-need-testosterone","10.1016/j.fertnstert.2026.05.156; 10.1016/j.jsxm.2020.10.009; 10.1210/clinem/dgac130","3"
"menopause-fatigue-what-helps","Beat Menopause Fatigue: What Really Helps & Why You're So Tired","Menopause Symptoms","menopause fatigue what helps","informational","Struggling with menopause fatigue? Learn why you're so exhausted and what truly helps restore energy, from nutrition to lifestyle shifts.","https://estrogenleftthechat.com/blog/menopause-fatigue-what-helps","","0"
"menopause-gut-health-personalized-nutrition","Unlocking Gut Health: Personalized Nutrition for Menopause Symptoms","Menopause Nutrition","menopause gut microbiome","informational","Dive into expert analysis on menopause and gut health. Discover how personalized nutrition impacts blood sugar, HPA axis, and bone density for symptom relief.","https://estrogenleftthechat.com/blog/menopause-gut-health-personalized-nutrition","10.1080/27697061.2026.2632580; 10.1177/10600280261426643; 10.1177/15598276261436778; 10.1016/j.maturitas.2026.108914","4"
"menopause-gut-microbiome-estrobolome","Your Menopause Gut Microbiome: It's Worse Than You Think","Menopause Nutrition","menopause gut microbiome","informational","Dive deep into the critical role of your menopause gut microbiome and estrobolome. Learn how personalized nutrition can balance hormones, improve energy, and alleviate symptoms.","https://estrogenleftthechat.com/blog/menopause-gut-microbiome-estrobolome","10.1080/27697061.2026.2632580; 10.1177/15598276261436778","2"
"menopause-gut-microbiome-symptoms","Beyond Hormones: The Gut Microbiome's Role in Menopause Symptoms","Menopause Nutrition","menopause gut microbiome","informational","Discover how the gut microbiome profoundly impacts menopause symptoms and overall health. Expert analysis on the latest research for actionable strategies to support your gut for a better menopause.","https://estrogenleftthechat.com/blog/menopause-gut-microbiome-symptoms","10.1080/27697061.2026.2632580; 10.1177/10600280261426643; 10.1177/15598276261436778; 10.1016/j.maturitas.2026.108914],","4"
"menopause-heart-disease-risk-doubles-exploring-mechanisms","Why Heart Disease Risk Doubles Post-Menopause: An Expert Guide","Heart & Cardiovascular Health","heart disease risk menopause","informational","Why does heart disease risk double after menopause? Explore the hormonal, metabolic, and inflammatory changes driving increased cardiovascular threats in women.","https://estrogenleftthechat.com/blog/menopause-heart-disease-risk-doubles-exploring-mechanisms","","0"
"menopause-heart-palpitations","Heart Palpitations in Menopause: Why Your Heart Races (and When to Worry)","Menopause Symptoms","menopause heart palpitations","informational","Heart palpitations in menopause are usually hormonal, driven by estrogen and your autonomic nervous system. The science, the hot-flash link, and the red flags that need a doctor.","https://estrogenleftthechat.com/blog/menopause-heart-palpitations","10.4103/jmh.jmh_238_25; 10.3390/jcm15041477; 10.4103/jmh.jmh_302_25","3"
"menopause-lifestyle-reset-relief-vitality","Mastering Menopause: Your Lifestyle Reset for Relief & Vitality","Hormones & Lifestyle","menopause lifestyle reset","informational","Feeling the shift? Explore our expert guide on how to implement a powerful menopause lifestyle reset to alleviate symptoms, regain energy, and thrive during this life stage.","https://estrogenleftthechat.com/blog/menopause-lifestyle-reset-relief-vitality","","0"
"menopause-metabolism-fix","The Menopause Metabolism Fix: Why Your Old Rules No Longer Apply","Metabolism in Midlife","menopause metabolism fix","informational","Frustrated by menopause weight gain? This article explains the hormonal science behind your changing body and offers a true menopause metabolism fix.","https://estrogenleftthechat.com/blog/menopause-metabolism-fix","10.1016/j.bpsgos.2026.100723; 10.3746/pnf.2025.243; 10.1093/molehr/gaag021","3"
"menopause-migraines-hormonal-triggers","Why Menopause Migraines Hit Hard: Hormonal Triggers & Solutions","Menopause Symptoms","menopause migraines hormonal triggers","informational","Are menopause migraines getting worse? Learn about the hormonal triggers of migraine during perimenopause and postmenopause, and science-backed strategies for relief. Marilyn Luis explains.","https://estrogenleftthechat.com/blog/menopause-migraines-hormonal-triggers","10.1111/head.70071; 10.1007/s10552-026-02156-x; 10.1016/j.jaim.2025.101193","3"
"menopause-nutrition-basics","Menopause Nutrition Basics: What to Eat and Why","Menopause Nutrition","","informational","Menopause nutrition guide: the best foods, nutrients, and eating patterns to support metabolism, energy, and hormonal health for women over 40.","https://estrogenleftthechat.com/blog/menopause-nutrition-basics","","0"
"menopause-weight-gain-around-middle-what-to-do","Tackling Menopause Weight Gain Around the Middle: What to Do","Weight Gain After 40","menopause weight gain around middle what to do","informational","Are you experiencing menopause weight gain around the middle? Marilyn Luis reveals the latest research on visceral fat, heavy metals, and surgical outcomes. Actionable insights await.","https://estrogenleftthechat.com/blog/menopause-weight-gain-around-middle-what-to-do","10.1177/00368504261437185; 10.1128/spectrum.03123-25; 10.7759/cureus.103873","3"
"menopause-weight-loss-solution-book","Unlocking Menopause Weight Loss: Why Your Biology Demands a New Approach","Weight Gain After 40","menopause weight loss solution book","informational","Struggling with menopause weight gain? This article explores the science behind midlife metabolic shifts and introduces a menopause weight loss solution book designed specifically for women over 40.","https://estrogenleftthechat.com/blog/menopause-weight-loss-solution-book","","0"
"menopause-workouts-weight-loss-wont-budge","Why Your Menopause Workouts for Weight Loss Aren't Working","Weight Gain After 40","menopause workouts for weight loss","informational","Frustrated with menopause workouts for weight loss? It’s not you—it's your hormones. Uncover the science behind metabolic shifts and what exercises truly work.","https://estrogenleftthechat.com/blog/menopause-workouts-weight-loss-wont-budge","10.1097/GME.0000000000002806; 10.3389/fonc.2026.1770641; 10.1007/s00394-026-04005-8","3"
"mental-clarity-after-40-estrogen-brain-health","Unlock Mental Clarity After 40: Estrogen's Role & Expert Tips","Mood & Brain Fog","mental clarity after 40","informational","Struggling with mental clarity after 40? Explore expert insights on how estrogen decline affects brain function and actionable steps for reclaiming your cognitive edge.","https://estrogenleftthechat.com/blog/mental-clarity-after-40-estrogen-brain-health","10.1002/ijgo.70944; 10.1002/ijgo.70943; 10.3390/cancers18061019","3"
"metabolic-reset-after-40-reclaiming-vitality","Metabolic Reset After 40: Reclaiming Your Midlife Vitality","Metabolism in Midlife","metabolic reset for women","informational","Our in-depth guide on a metabolic reset for women after 40 challenges traditional diet myths, offering science-backed strategies for lasting vitality.","https://estrogenleftthechat.com/blog/metabolic-reset-after-40-reclaiming-vitality","","0"
"metabolic-reset-for-women-midlife","Marilyn Luis: Decoding Metabolic Reset for Women in Midlife","Metabolism in Midlife","metabolic reset for women","informational","Unlock true metabolic reset for women over 40. Expert Marilyn Luis reviews new research on MHT, TCM, and weight management, offering actionable insights for midlife metabolic health and weight loss.","https://estrogenleftthechat.com/blog/metabolic-reset-for-women-midlife","10.1016/j.obpill.2026.100258; 10.2196/84803","2"
"metabolic-reset-for-women-midlife-energy","Metabolic Reset for Women: Reclaim Your Midlife Energy","Metabolism in Midlife","metabolic reset for women","informational","Unlock the power of a metabolic reset for women during perimenopause and menopause. Learn science-backed strategies for lasting energy and wellness.","https://estrogenleftthechat.com/blog/metabolic-reset-for-women-midlife-energy","","0"
"metabolic-reset-for-women-over-40","Metabolic Reset for Women: Beyond Calories and Cardio","Metabolism in Midlife","","informational","Discover the science of a metabolic reset for women in perimenopause. Learn how to fix insulin sensitivity, manage cortisol, and boost metabolism naturally.","https://estrogenleftthechat.com/blog/metabolic-reset-for-women-over-40","","0"
"metabolic-reset-postmenopausal-women","Metabolic Reset: Reclaiming Health in Postmenopausal Women","Metabolism in Midlife","metabolic reset for women","informational","Unlock a metabolic reset for women in midlife and postmenopause. Learn how visceral fat, environmental toxins, and surgical outcomes impact health, backed by Marilyn Luis.","https://estrogenleftthechat.com/blog/metabolic-reset-postmenopausal-women","10.1177/00368504261437185; 10.1128/spectrum.03123-25; 10.7759/cureus.103873","3"
"metallic-taste-mouth-menopause","Metallic Taste in Your Mouth in Menopause: Why It Happens","Menopause Symptoms","metallic taste menopause","informational","Can menopause cause a metallic taste in your mouth? Why declining estrogen alters taste and saliva, what helps, and the non-hormonal causes (medications, dental, zinc/B12) to rule out.","https://estrogenleftthechat.com/blog/metallic-taste-mouth-menopause","10.3390/nu17213411; 10.22514/jofph.2025.064","2"
"midlife-brain-fog-cognitive-health-estrogen","Unpacking Midlife Brain Fog: Estrogen's Role in Cognitive Health","Mood & Brain Fog","midlife cognitive health","informational","Beyond hot flashes, brain fog and cognitive changes are hallmarks of perimenopause. Explore how estrogen loss and personalized nutrition impact midlife cognitive health and mood.","https://estrogenleftthechat.com/blog/midlife-brain-fog-cognitive-health-estrogen","10.1093/schbul/sbaf217; 10.1093/schbul/sbaf170; 10.1080/27697061.2026.2632580","3"
"mitochondrial-function-decline-midlife-women","Mitochondrial Function Decline in Midlife Women: Your Metabolism","Metabolism in Midlife","mitochondrial function decline in midlife women","informational","Unpack the real reasons for metabolic slowdown: mitochondrial function decline in midlife women. Expert analysis on hormonal impacts, and actionable steps.","https://estrogenleftthechat.com/blog/mitochondrial-function-decline-midlife-women","10.1017/S0007114526106941; 10.1002/cpdd.70053","2"
"more-protein-in-menopause","Do You Need More Protein in Menopause? The Science-Backed Truth","Menopause Nutrition","more protein in menopause","informational","Discover why women in menopause need more protein than ever, according to new research. Expert analysis on muscle, metabolism, and hormonal changes.","https://estrogenleftthechat.com/blog/more-protein-in-menopause","10.1007/s11357-026-02257-0; 10.0000/0000000000002782; 10.1097/GME.0000000000002793","3"
"muscle-loss-after-40-reversing-sarcopenia-midlife-women","Muscle Loss After 40: Reversing Sarcopenia in Midlife Women","Strength, Muscle & Body Composition","muscle loss after 40","informational","Combat muscle loss after 40 with expert strategies. Discover how hormone therapy, strength training, and nutrition can reverse sarcopenia and boost health.","https://estrogenleftthechat.com/blog/muscle-loss-after-40-reversing-sarcopenia-midlife-women","10.3390/life16030401; 10.3390/ijerph23030408; 10.3390/ijms27062754","3"
"nad-and-menopause-cellular-aging","NAD+ and Menopause: Can It Reverse Cellular Aging?","Supplements & Biohacks","NAD+ and cellular aging","informational","Can NAD+ precursors combat cellular aging in menopause? Learn how combining lifestyle, functional foods, and exercise synergistically impacts healthy aging and NAD+ pathways in midlife women.","https://estrogenleftthechat.com/blog/nad-and-menopause-cellular-aging","10.3389/fendo.2026.1717915; 10.1002/ptr.70321","2"
"navigating-hormonal-changes-after-40","Navigating Hormonal Changes After 40: What to Expect","Hormones & Lifestyle","hormonal changes after 40","informational","Explore the nuances of hormonal changes after 40 in women. Learn about declining estrogen and progesterone, common symptoms, and how to proactively support your health.","https://estrogenleftthechat.com/blog/navigating-hormonal-changes-after-40","","0"
"navigating-perimenopause-hormonal-shift","Perimenopause Chaos: Navigating the 10-Year Hormonal Shift","Perimenopause","","informational","Understand the symptoms and science of perimenopause. Learn how to manage estrogen fluctuations and metabolic changes during the 10-year transition to menopause.","https://estrogenleftthechat.com/blog/navigating-perimenopause-hormonal-shift","","0"
"neat-walking-menopause-metabolism-sarcopenia","NEAT & Walking: Boost Menopause Metabolism & Fight Sarcopenia","Strength, Muscle & Body Composition","menopause metabolism","informational","Unlock your menopause metabolism with NEAT and walking. Learn how increasing daily movement and basal metabolic rate combats sarcopenia, a key for midlife women.","https://estrogenleftthechat.com/blog/neat-walking-menopause-metabolism-sarcopenia","10.1515/med-2026-1390; 10.1080/27697061.2026.2632580; 10.2147/IJWH.S592562","3"
"night-sweats-menopause-thyroid-connection","Night Sweats in Menopause: Is it Your Thyroid or Something Else?","Menopause Symptoms","night sweats menopause","informational","Explore the surprising link between thyroid conditions and menopause symptoms, particularly night sweats. Learn how thyroid health impacts midlife women.","https://estrogenleftthechat.com/blog/night-sweats-menopause-thyroid-connection","10.1007/s10654-026-01391-5; 10.2196/84803; 10.1111/ctr.70518","3"
"night-sweats-menopause-what-really-helps","Night Sweats in Menopause: Beyond Hormones & What Really Helps","Menopause Symptoms","night sweats menopause","informational","Beyond hormonal shifts, discover the metabolic and lifestyle factors driving night sweats in menopause. Learn actionable strategies to cool down.","https://estrogenleftthechat.com/blog/night-sweats-menopause-what-really-helps","10.1177/00368504261437185; 10.1080/27697061.2026.2632580; 10.1371/journal.pone.0345517","3"
"omega-3-for-menopause-real-benefits","Omega-3 for Menopause: Beyond the Hype, The Real Benefits","Supplements & Biohacks","omega-3 for menopause","informational","Explore the science-backed benefits of omega-3 for menopause symptoms like hot flashes, brain fog, and joint pain. Learn dosages and sources for optimal health.","https://estrogenleftthechat.com/blog/omega-3-for-menopause-real-benefits","","0"
"optimal-protein-per-meal-muscle-synthesis-after-45","Optimal Protein Per Meal for Muscle Synthesis After 45","Strength, Muscle & Body Composition","protein per meal for muscle synthesis after 45","informational","Struggling with muscle loss and weight gain after 45? Learn the optimal protein per meal for muscle synthesis. This expert analysis reveals why increased protein intake is crucial for menopausal women, going beyond standard recommendations to support metabolic health and combat sarcopenia. Your biology is changing, and so should your protein strategy.","https://estrogenleftthechat.com/blog/optimal-protein-per-meal-muscle-synthesis-after-45","10.1017/S0007114526106941; 10.1152/ajpregu.00031.2026; 10.3389/fcvm.2026.1733624","3"
"optimizing-circadian-rhythm-after-40","Optimizing Circadian Rhythm After 40 for Better Sleep & Health","Sleep & Stress","circadian rhythm after 40","informational","Learn to optimize your circadian rhythm after 40. This expert guide from Marilyn Luis explains how menopausal hormone changes affect your sleep-wake cycle and offers science-backed strategies for better health.","https://estrogenleftthechat.com/blog/optimizing-circadian-rhythm-after-40","10.1177/10600280261426643; 10.1080/27697061.2026.2632580; 10.1371/journal.pone.0345517","3"
"optimizing-circadian-rhythm-after-40-1774382496561","Optimizing Your Circadian Rhythm After 40 for Menopause Wellness","Sleep & Stress","circadian rhythm after 40","informational","Unlock better health by optimizing your circadian rhythm after 40. This expert analysis explores new research on sleep, stress, and nutrition for menopausal women.","https://estrogenleftthechat.com/blog/optimizing-circadian-rhythm-after-40-1774382496561","10.1080/27697061.2026.2632580; 10.1371/journal.pone.0345517; 10.1177/10600280261426643","3"
"perimenopause-and-weight-beyond-calories-crash-diets","Perimenopause and Weight: Beyond Calories & Crash Diets","Perimenopause","perimenopause and weight","informational","Unpack the complex relationship between perimenopause and weight gain. Learn how hormones, stress, and lifestyle interact beyond simple calorie counting.","https://estrogenleftthechat.com/blog/perimenopause-and-weight-beyond-calories-crash-diets","10.3760/cma.j.cn112338-20250924-00675; 10.1177/15598276261436778; 10.1093/schbul/sbaf170","3"
"perimenopause-blood-pressure-why-yours-is-rising","Perimenopause & Blood Pressure: Why Yours is Rising","Heart & Cardiovascular Health","blood pressure changes in perimenopause","informational","Are you experiencing rising blood pressure in perimenopause? Learn the science behind this common issue and actionable steps to protect your heart.","https://estrogenleftthechat.com/blog/perimenopause-blood-pressure-why-yours-is-rising","","0"
"perimenopause-brain-fog-natural-remedies","Perimenopause Brain Fog: Natural Remedies for Cognitive Clarity","Mood & Brain Fog","perimenopause brain fog natural remedies","informational","Combat perimenopause brain fog with natural remedies and evidence-based strategies. Explore insights on diet, supplements, and lifestyle for cognitive health.","https://estrogenleftthechat.com/blog/perimenopause-brain-fog-natural-remedies","10.3389/fgene.2026.1733593; 10.1038/s41574-026-01245-w; 10.2196/84803","3"
"perimenopause-brain-fog-natural-remedies-expert-insights","Perimenopause Brain Fog: Natural Remedies & Expert Insights","Perimenopause","perimenopause brain fog natural remedies","informational","Combat perimenopause brain fog with evidence-based natural remedies. Marilyn Luis, a menopause expert, reveals how to boost cognitive function effectively.","https://estrogenleftthechat.com/blog/perimenopause-brain-fog-natural-remedies-expert-insights","10.1002/ijgo.70943; 10.3390/life16030401","2"
"perimenopause-hormonal-shifts-midlife-metabolism","Perimenopause Hormonal Shifts: Navigating Your Midlife Metabolism","Hormones & Lifestyle","perimenopause hormonal shifts","informational","Perimenopause hormonal shifts profoundly impact metabolism. Learn how declining estrogen and other changes affect weight, energy, and overall health after 40.","https://estrogenleftthechat.com/blog/perimenopause-hormonal-shifts-midlife-metabolism","","0"
"perimenopause-progesterone-decline-first-hormone-to-fade","Perimenopause: Progesterone Decline is Your First Signal","Perimenopause","perimenopause progesterone decline","informational","Progesterone decline often marks the true beginning of perimenopause. Understand why this hormone fades first, impacting sleep, mood, and mental health.","https://estrogenleftthechat.com/blog/perimenopause-progesterone-decline-first-hormone-to-fade","10.1002/ijgo.70943; 10.3389/fmed.2026.1788556; 10.1016/j.maturitas.2026.108925","3"
"perimenopause-rage-why-you-snap-how-to-find-calm","Perimenopause Rage: Why You Snap & How to Find Calm","Mood & Brain Fog","perimenopause fits of rage","informational","Are perimenopause fits of rage hijacking your life? Discover the hormonal and gut imbalances behind the anger and learn actionable strategies from 'Estrogen Left the Chat' to restore emotional balance.","https://estrogenleftthechat.com/blog/perimenopause-rage-why-you-snap-how-to-find-calm","","0"
"perimenopause-severe-anxiety-estrogen-link","Can Perimenopause Cause Severe Anxiety? Unpack the 'Why'","Mood & Brain Fog","can perimenopause cause severe anxiety","informational","Can perimenopause cause severe anxiety? Yes, it absolutely can. Explore the direct link between fluctuating estrogen, neurotransmitters, and the profound impact on mental well-being in midlife.","https://estrogenleftthechat.com/blog/perimenopause-severe-anxiety-estrogen-link","","0"
"perimenopause-start-at-37","Can Perimenopause Really Start at 37? Yes - and Here Is Why","Menopause Symptoms","perimenopause start at 37","informational","Yes, perimenopause can start at 37. Around 10-15% of women begin the hormonal transition before 40. Here is the science, the symptoms to watch for, and what to do next.","https://estrogenleftthechat.com/blog/perimenopause-start-at-37","10.1016/j.psyneuen.2026.107748; 10.1093/humupd/dmac045; 10.1136/bmj-2022-072612; 10.3390/antiox12081601","4"
"perimenopause-weight-gain-around-middle","Perimenopause Weight Gain Around Middle: Why It's Not Your Fault","Weight Gain After 40","perimenopause weight gain around middle","informational","Frustrated by perimenopause weight gain around your middle? Learn why declining estrogen changes your metabolism and fat distribution. It's not your fault – it's biochemistry. Get expert analysis and actionable solutions.","https://estrogenleftthechat.com/blog/perimenopause-weight-gain-around-middle","10.1097/GME.0000000000002806; 10.3389/fonc.2026.1770641; 10.1007/s00394-026-04005-8","3"
"perimenopause-weight-gain-belly-fat","Perimenopause Weight Gain & Stubborn Belly Fat: It's Not Just You","Weight Gain After 40","perimenopause weight gain belly","informational","Struggling with perimenopause weight gain and stubborn belly fat? It's not your fault. Learn how hormonal shifts impact metabolism and what to do.","https://estrogenleftthechat.com/blog/perimenopause-weight-gain-belly-fat","10.1016/j.numecd.2026.104637; 10.1016/j.biopha.2026.119317","2"
"perimenopause-weight-gain-causes-solutions","Perimenopause Weight Gain: Beyond Calories & Crash Diets","Perimenopause","perimenopause weight gain","informational","Struggling with perimenopause weight gain? Discover the hormonal shifts, metabolic changes, and lifestyle strategies to manage your weight effectively.","https://estrogenleftthechat.com/blog/perimenopause-weight-gain-causes-solutions","","0"
"perimenopause-weight-gain-help","Perimenopause Weight Gain Help: Why Stubborn Pounds Aren't Your Fault","Weight Gain After 40","perimenopause weight gain help","informational","Struggling with perimenopause weight gain? It's not your fault. Uncover the science behind metabolic slowdown and essential strategies for real results.","https://estrogenleftthechat.com/blog/perimenopause-weight-gain-help","10.1016/j.numecd.2026.104637; 10.3390/nu18071130; 10.1177/10507256261442839","3"
"perimenopause-weight-gain-protein-leverage-hypothesis","Why Perimenopause Weight Gain Isn't Your Fault: The Protein Leverage Solution","Perimenopause","perimenopause weight gain","informational","Perimenopause weight gain isn't about willpower. Learn how the Protein Leverage Hypothesis and 30g protein per meal can help manage metabolic changes.","https://estrogenleftthechat.com/blog/perimenopause-weight-gain-protein-leverage-hypothesis","","0"
"perimenopause-weight-gain-solutions-gut-estrogen","Perimenopause Weight Gain Solutions: The Gut-Estrogen Link","Weight Gain After 40","perimenopause weight gain solutions","informational","Uncover science-backed perimenopause weight gain solutions. Learn about the estrobolome, its role in estrogen recycling, and how to optimize your gut health to manage weight effectively.","https://estrogenleftthechat.com/blog/perimenopause-weight-gain-solutions-gut-estrogen","","0"
"perimenopause-weight-gain-treatment","Perimenopause Weight Gain Treatment: Understanding Estrogen Metabolites","Weight Gain After 40","perimenopause weight gain treatment","informational","Unravel the mystery of perimenopause weight gain treatment. This deep dive into estrogen metabolism (2-hydroxy vs 16-hydroxy) offers science-backed protocols for lasting change.","https://estrogenleftthechat.com/blog/perimenopause-weight-gain-treatment","","0"
"perimenopause-weight-loss-struggle-midlife-gain","Perimenopause Weight Loss Struggle: Demystifying Midlife Gain","Perimenopause","perimenopause weight loss struggle","informational","Unpack the complex reasons behind perimenopause weight loss resistance, from hormonal shifts to metabolic changes, and find actionable strategies.","https://estrogenleftthechat.com/blog/perimenopause-weight-loss-struggle-midlife-gain","","0"
"phytoestrogens-foods-list-for-menopause","Phytoestrogens & Menopause: Your Guide to Natural Hormonal Support","Supplements & Biohacks","phytoestrogens foods list for menopause","informational","Explore our phytoestrogens foods list for menopause. Understand the science behind these natural compounds and how they can gently support your body through hormonal changes.","https://estrogenleftthechat.com/blog/phytoestrogens-foods-list-for-menopause","","0"
"phytoestrogens-foods-list-for-menopause-1774425636573","Phytoestrogens Foods List for Menopause: Your Hormone-Hacking Guide","Menopause Nutrition","phytoestrogen foods list for menopause","informational","Unlock the power of phytoestrogen foods for menopause symptom relief. This expert guide provides a comprehensive phytoestrogen foods list and actionable advice.","https://estrogenleftthechat.com/blog/phytoestrogens-foods-list-for-menopause-1774425636573","10.1177/10600280261426643; 10.1080/27697061.2026.2632580","2"
"plant-vs-animal-protein-menopause-weight-loss","Plant vs Animal Protein for Menopause Weight Loss: What the 2026 Research Actually Says","Menopause Nutrition","plant vs animal protein menopause","informational","Does swapping animal protein for plant protein help menopause weight loss? The 2026 research, the muscle catch, and exactly how to do it without losing muscle.","https://estrogenleftthechat.com/blog/plant-vs-animal-protein-menopause-weight-loss","10.1097/gme.0000000000002813; 10.1001/jamanetworkopen.2026.13102; 10.1016/j.jnha.2024.100349","3"
"preventing-heart-disease-after-menopause","Preventing Heart Disease After Menopause: New Insights & Strategies","Heart & Cardiovascular Health","preventing heart disease after menopause","informational","Discover new research on preventing heart disease after menopause. Understand the complex roles of estrogen, FSH, and lymphatic function in heart health.","https://estrogenleftthechat.com/blog/preventing-heart-disease-after-menopause","10.3389/fcvm.2026.1699372; 10.2147/IJWH.S571490; 10.1001/jamanetworkopen.2026.3404","3"
"protein-intake-women-over-40-sarcopenia","Protein Intake for Women Over 40: Counteracting Menopause Sarcopenia","Metabolism in Midlife","protein intake for women over 40","informational","Discover the optimal protein intake for women over 40 to combat sarcopenia, maintain muscle mass, and support metabolic health through perimenopause and menopause. Actionable insights.","https://estrogenleftthechat.com/blog/protein-intake-women-over-40-sarcopenia","10.1515/med-2026-1390; 10.1177/00368504261437185; 10.1128/spectrum.03123-25","3"
"protein-menopause-weight-loss","Protein & Menopause Weight Loss: The Estrogen-Metabolism Link","Menopause Nutrition","protein menopause weight loss","informational","Uncover the critical role of protein in menopause weight loss. Learn precise protocols, combat metabolic slowdown, and understand the science behind effective strategies from 'Estrogen Left the Chat.'","https://estrogenleftthechat.com/blog/protein-menopause-weight-loss","","0"
"protein-muscle-support-menopause","Protein and Muscle Support in Menopause: Your Essential Guide","Strength, Muscle & Body Composition","","informational","How to support muscle mass during menopause with protein timing, strength training, and nutrition strategies that work for women over 40.","https://estrogenleftthechat.com/blog/protein-muscle-support-menopause","","0"
"reset-metabolism-after-menopause","Reset Metabolism After Menopause: Expert Strategies & Science","Metabolism in Midlife","reset metabolism after menopause","informational","Learn how to reset metabolism after menopause with evidence-based strategies from Marilyn Luis. Address visceral fat, heart health, and environmental toxins for a vibrant midlife.","https://estrogenleftthechat.com/blog/reset-metabolism-after-menopause","10.1177/00368504261437185; 10.1128/spectrum.03123-25; 10.7759/cureus.103873","3"
"smart-supplements-women-over-40","Smart Supplement Choices: What Women Over 40 Truly Need","Supplements & Biohacks","supplements for women over 40","informational","Unlock the power of smart supplements for women over 40. Learn which science-backed nutrients can support hormonal health, energy, and well-being.","https://estrogenleftthechat.com/blog/smart-supplements-women-over-40","","0"
"stop-waking-up-3am-menopause-cortisol-reset","Stop Waking Up at 3 AM: Menopause Sleep & Cortisol Reset","Sleep & Stress","stop waking up at 3 am every night","informational","Learn how to stop waking up at 3 AM every night in menopause. This deep dive from 'Estrogen Left the Chat' reveals cortisol and glucose strategies.","https://estrogenleftthechat.com/blog/stop-waking-up-3am-menopause-cortisol-reset","","0"
"strength-training-women-over-45-beginners","Start Strength Training Over 45: Your Beginner's Guide to Muscle","Strength, Muscle & Body Composition","strength training for women over 45 beginners","informational","Are you a woman over 45 looking to start strength training? This guide for beginners breaks down the science, benefits, and practical steps to build muscle and combat sarcopenia.","https://estrogenleftthechat.com/blog/strength-training-women-over-45-beginners","10.1515/med-2026-1390; 10.2147/IJWH.S592562; 10.1007/s10549-026-07950-4","3"
"strength-training-women-over-45-biohacking-blueprint","Strength Training Women Over 45: The Critical Biohacking Blueprint","Strength, Muscle & Body Composition","strength training women over 45","informational","For strength training women over 45, it’s not just about aesthetics; it’s a non-negotiable biohacking strategy for bone density, muscle mass, and metabolic health. Uncover expert strategies.","https://estrogenleftthechat.com/blog/strength-training-women-over-45-biohacking-blueprint","10.7759/cureus.103873; 10.1080/27697061.2026.2632580; 10.1016/j.isci.2026.115105","3"
"stress-hormones-midlife-menopause","Stress & Hormones in Midlife: Unpacking the Menopause Connection","Sleep & Stress","stress and hormones in midlife","informational","Understanding stress and hormones in midlife is crucial for managing menopause symptoms. Learn how personalized nutrition, lifestyle, and new treatments can help.","https://estrogenleftthechat.com/blog/stress-hormones-midlife-menopause","10.1080/27697061.2026.2632580; 10.1371/journal.pone.0345517; 10.1177/10600280261426643","3"
"waking-up-3am-every-night-menopause","Waking Up at 3 AM Every Night Menopause: Why & How to Fix It","Sleep & Stress","waking up at 3am every night menopause","informational","Frustrated by waking up at 3 AM every night during menopause? Learn the hormonal and physiological reasons behind it and actionable steps to sleep through the night again, based on research from 'Estrogen Left the Chat'.","https://estrogenleftthechat.com/blog/waking-up-3am-every-night-menopause","","0"
"weight-bearing-exercise-perimenopause-hormonal-health","Why Weight-Bearing Exercise is Non-Negotiable in Perimenopause","Perimenopause","weight-bearing exercise perimenopause","informational","Learn why weight-bearing exercise is non-negotiable for perimenopause weight gain, bone density, and muscle mass. Uncover the science between estrogen decline and metabolic changes, and get actionable protocols from 'Estrogen Left the Chat' to combat these shifts effectively.","https://estrogenleftthechat.com/blog/weight-bearing-exercise-perimenopause-hormonal-health","","0"
"weight-gain-after-40-lipoprotein-lipase-fat-redistribution","Weight Gain After 40: Lipoprotein Lipase & Fat Redistribution","Weight Gain After 40","weight gain after 40","informational","Struggling with weight gain after 40, especially around the belly? Learn how estrogen's impact on lipoprotein lipase drives fat redistribution in menopause. Expert insights.","https://estrogenleftthechat.com/blog/weight-gain-after-40-lipoprotein-lipase-fat-redistribution","10.1016/j.socscimed.2026.119213; 10.1002/ijgo.70944; 10.1016/j.maturitas.2026.108925","3"
"weight-loss-after-40","Weight Loss After 40: Reclaiming Your Metabolic Health","Weight Gain After 40","weight loss after 40","informational","Struggling with weight loss after 40? Discover expert analysis on new research linking menopause hormone therapy, hypertension, and visceral fat. Learn actionable strategies.","https://estrogenleftthechat.com/blog/weight-loss-after-40","10.1016/j.obpill.2026.100258; 10.1097/HJH.0000000000004296; 10.1177/00368504261437185","3"
"what-really-happens-in-menopause","What Really Happens in Menopause? The Biology Explained Simply","Menopause Symptoms","","informational","What really happens during menopause? Learn the biology behind hormonal changes, metabolism shifts, and symptoms — explained simply and clearly.","https://estrogenleftthechat.com/blog/what-really-happens-in-menopause","","0"
"why-am-i-gaining-so-much-weight-perimenopause","Why Am I Gaining So Much Weight in Perimenopause?","Perimenopause","perimenopause weight gain","informational","Frustrated by perimenopause weight gain? Marilyn Luis reveals the hormonal and metabolic reasons traditional diets fail. Learn a science-backed approach.","https://estrogenleftthechat.com/blog/why-am-i-gaining-so-much-weight-perimenopause","10.3390/nu18071052]; 10.1016/j.ygyno.2026.03.013]","2"
"why-am-i-gaining-weight-after-menopause","Why Am I Gaining Weight After Menopause? The Muscle-Hormone Link","Weight Gain After 40","gaining weight after menopause","informational","Are you gaining weight after menopause despite no change in diet? Learn the surprising role of muscle as a metabolic organ and how declining estrogen impacts your metabolic rate. Get actionable steps from 'Estrogen Left the Chat'.","https://estrogenleftthechat.com/blog/why-am-i-gaining-weight-after-menopause","","0"
"why-am-i-gaining-weight-in-menopause-inflammation","Why Am I Gaining Weight in Menopause? The Inflammation Switch","Weight Gain After 40","gaining weight in menopause","informational","Are you gaining weight in menopause? It's not just calories in, calories out. Learn how falling estrogen triggers chronic low-grade inflammation, making weight loss impossible. Discover the science and protocol to fix it.","https://estrogenleftthechat.com/blog/why-am-i-gaining-weight-in-menopause-inflammation","","0"
"why-am-i-so-angry-perimenopause","Why Am I So Angry in Perimenopause? The Hormonal Truth","Mood & Brain Fog","why am i so angry during perimenopause","informational","Uncover the science behind perimenopause anger and irritability. Estrogen fluctuation, progesterone decline, and cortisol dysregulation are to blame.","https://estrogenleftthechat.com/blog/why-am-i-so-angry-perimenopause","","0"
"why-brain-fog-all-the-time-menopause","Why Brain Fog All The Time? Estrogen, Inflammation & Your Brain","Mood & Brain Fog","why do i have brain fog all the time","informational","Are you asking, 'Why do I have brain fog all the time?' This expert analysis reveals the critical links between declining estrogen, inflammation, and cognitive changes in menopause.","https://estrogenleftthechat.com/blog/why-brain-fog-all-the-time-menopause","10.1002/ar.70206; 10.1097/JCN.0000000000001304; 10.1136/bmjsem-2026-003237","3"
"why-calorie-counting-fails-after-40","Why Calorie Counting Fails After 40: Menopause & Metabolic Shift","Weight Gain After 40","weight gain after 40","informational","Frustrated by weight gain after 40 despite calorie counting? Learn why menopause and declining estrogen fundamentally alter metabolism, making old diet rules ineffective. A smarter approach is needed.","https://estrogenleftthechat.com/blog/why-calorie-counting-fails-after-40","10.1002/ijgo.70944; 10.1016/j.socscimed.2026.119213; 10.1016/j.maturitas.2026.108925","3"
"why-calorie-counting-stops-working-after-40","Why Calorie Counting Fails After 40: Menopause Metabolism Shifts","Weight Gain After 40","calorie counting not working after 40","informational","Are you over 40 and frustrated by calorie counting not working? Learn how declining estrogen, metabolic changes, and altered brain chemistry make traditional diets ineffective for weight loss after 40.","https://estrogenleftthechat.com/blog/why-calorie-counting-stops-working-after-40","10.1152/ajpregu.00031.2026; 10.1017/S0007114526106941; 10.1007/s10552-026-02156-x","3"
"why-cant-i-lose-weight-perimenopause","Why Can't I Lose Weight During Perimenopause?","Weight Gain After 40","perimenopause weight loss","informational","Struggling with perimenopause weight loss? Learn why you can't lose weight during perimenopause due to estrogen fluctuations, insulin resistance, and metabolic slowdown. Get science-backed solutions.","https://estrogenleftthechat.com/blog/why-cant-i-lose-weight-perimenopause","","0"
"why-cant-i-sleep-menopause-reddit-fix","Why Can't I Sleep in Menopause? Solving Reddit's Biggest Mystery","Sleep & Stress","menopause can't sleep reddit","informational","Struggling with 'menopause can't sleep' like many on Reddit? This deep-dive explains the hormonal science behind your sleepless nights and offers an actionable, research-backed protocol to improve your sleep quality.","https://estrogenleftthechat.com/blog/why-cant-i-sleep-menopause-reddit-fix","","0"
"why-cholesterol-rises-after-menopause","Why Your Cholesterol Rises After Menopause: The Estrogen Link","Heart & Cardiovascular Health","why cholesterol rises after menopause","informational","Uncover the science behind why cholesterol rises after menopause. Estrogen's protective role diminishes, impacting LDL, HDL, and triglycerides. Learn actionable strategies.","https://estrogenleftthechat.com/blog/why-cholesterol-rises-after-menopause","","0"
"why-cholesterol-rises-menopause-expert-guide","Why Your Cholesterol Rises in Menopause: An Expert Guide","Heart & Cardiovascular Health","why cholesterol goes up in menopause","informational","Uncover the real reasons why cholesterol levels escalate during menopause. Learn how declining estrogen impacts lipid profiles and precise strategies to mitigate cardiovascular risk.","https://estrogenleftthechat.com/blog/why-cholesterol-rises-menopause-expert-guide","","0"
"why-do-i-wake-up-at-3am-menopause","Why You Wake Up at 3 AM in Menopause: Hormones, Gut & Solutions","Sleep & Stress","why do i wake up at 3am menopause","informational","Frustrated waking up at 3 AM in menopause? Learn how declining estrogen, cortisol shifts, and gut health impact your sleep and get actionable solutions.","https://estrogenleftthechat.com/blog/why-do-i-wake-up-at-3am-menopause","","0"
"why-gaining-weight-menopause","Why Am I Gaining Weight in Menopause? The Real Reasons","Weight Gain After 40","","informational","Why am I gaining weight in menopause? Discover the real hormonal and metabolic reasons behind midlife weight gain and what you can do about it.","https://estrogenleftthechat.com/blog/why-gaining-weight-menopause","","0"
"why-harder-to-lose-weight-after-40","Why Losing Weight After 40 Gets Harder: Hormones, Metabolism & Biology","Weight Gain After 40","why is it harder to lose weight after 40","informational","Struggling to lose weight after 40? It's not willpower, it's biology. Learn why hormonal shifts make weight loss harder and what you can do about it.","https://estrogenleftthechat.com/blog/why-harder-to-lose-weight-after-40","10.1080/13697137.2026.2663898; 10.1016/j.maturitas.2026.108958; 10.7759/cureus.106068","3"
"why-insulin-resistance-increase-menopause","Why Does Insulin Resistance Increase in Menopause? The Estrogen Link","Metabolism in Midlife","why insulin resistance increase in menopause","informational","Why does insulin resistance increase in menopause, leading to stubborn weight gain? It's not your fault! Declining estrogen fundamentally alters your metabolism. This expert analysis reveals the science and actionable strategies to regain control.","https://estrogenleftthechat.com/blog/why-insulin-resistance-increase-menopause","10.1097/GME.0000000000002806; 10.1007/s00394-026-04005-8","2"
"why-is-it-hard-to-lose-belly-fat-after-40","Why Stubborn Belly Fat is So Hard to Lose After 40","Weight Gain After 40","lose belly fat after 40","informational","Struggling to lose belly fat after 40? It's not your fault. Learn how estrogen decline, stress, and metabolic changes make fat loss uniquely challenging in midlife.","https://estrogenleftthechat.com/blog/why-is-it-hard-to-lose-belly-fat-after-40","10.1016/j.maturitas.2026.108958; 10.1080/13697137.2026.2663898; 10.7759/cureus.106068","3"
"why-losing-weight-after-40-is-hard","Why Losing Weight After 40 Feels Impossible: The Hormone-Metabolism Shift","Weight Gain After 40","why losing weight after 40 is hard","informational","Discover why losing weight after 40 becomes a struggle. It's not about willpower but hormonal and metabolic changes. Learn the science and smart strategies.","https://estrogenleftthechat.com/blog/why-losing-weight-after-40-is-hard","","0"
"why-menopause-belly-fat-wont-budge","Why Menopause Belly Fat Won't Budge (It's Not Your Fault)","Weight Gain After 40","menopause belly fat","informational","Frustrated by menopause belly fat? It's not about willpower. Learn how declining estrogen, insulin resistance, and stress hormones conspire to store fat around your middle and what you can do about it. Science-backed insights for women over 40.","https://estrogenleftthechat.com/blog/why-menopause-belly-fat-wont-budge","10.1016/j.maturitas.2026.108958; 10.1080/13697137.2026.2663898","2"
"why-menopause-causes-heart-disease","Why Menopause Causes Heart Disease: Estrogen's Role & Your Risks","Heart & Cardiovascular Health","menopause causes heart disease","informational","Menopause directly impacts heart health due to plummeting estrogen. Discover why menopause causes heart disease, the biological changes, and how to protect your cardiovascular system.","https://estrogenleftthechat.com/blog/why-menopause-causes-heart-disease","","0"
"why-menopause-causes-weight-gain","Why Menopause Causes Weight Gain: The Surprising Science","Menopause Symptoms","why does menopause cause weight gain","informational","Frustrated by menopause weight gain? Learn why estrogen changes your metabolism, making belly fat stubborn. Get science-backed insights into reversing midlife weight gain.","https://estrogenleftthechat.com/blog/why-menopause-causes-weight-gain","10.1016/j.aca.2026.345434","1"
"why-menopause-increases-heart-disease-risk","Why Menopause Increases Heart Disease Risk: The Estrogen Link","Heart & Cardiovascular Health","why does menopause increase heart disease","informational","Uncover why menopause increases heart disease risk. Learn about estrogen's protective role, metabolic changes, and actionable steps from 'Estrogen Left the Chat' to protect your heart.","https://estrogenleftthechat.com/blog/why-menopause-increases-heart-disease-risk","","0"
"why-menopause-symptoms-not-going-away-cortisol-trap","Why Your Menopause Symptoms Aren't Going Away: The Cortisol Trap","Menopause Symptoms","menopause symptoms not going away","informational","Are your menopause symptoms not going away? This deep dive into the cortisol trap explains the direct link between stress, hormones, and stubborn midlife challenges.","https://estrogenleftthechat.com/blog/why-menopause-symptoms-not-going-away-cortisol-trap","","0"
"why-more-protein-menopause-non-negotiable","Why More Protein in Menopause Is Non-Negotiable: The Science","Menopause Nutrition","why more protein in menopause","informational","Learn the scientific reasons why more protein in menopause is essential for combating muscle loss, metabolic slowdown, and stubborn weight gain, as detailed in 'Estrogen Left the Chat'.","https://estrogenleftthechat.com/blog/why-more-protein-menopause-non-negotiable","","0"
"why-perimenopause-weight-gain","Why Perimenopause Weight Gain Happens: More Than Just Calories","Perimenopause","perimenopause weight gain","informational","Frustrated by perimenopause weight gain? Marilyn Luis explains the hormonal and metabolic shifts, gut microbiome changes, and lifestyle factors at play. It's not your fault.","https://estrogenleftthechat.com/blog/why-perimenopause-weight-gain","10.3390/nu18071052; 10.21037/jtd-2025-aw-2279; 10.7759/cureus.106987","3"
"why-protein-menopause-metabolic-game-changer","Why Protein in Menopause is Your Metabolic Game-Changer","Menopause Nutrition","protein menopause","informational","Uncover why protein in menopause is non-negotiable for metabolic health. Learn how estrogen decline impacts muscle and metabolism, with actionable strategies from 'Estrogen Left the Chat.'","https://estrogenleftthechat.com/blog/why-protein-menopause-metabolic-game-changer","","0"
"why-protein-perimenopause","Perimenopause Protein: Why It's Your Weight & Mood Game-Changer","Perimenopause","protein perimenopause","informational","Learn the undeniable science behind increasing protein in perimenopause to counteract hormonal shifts, preserve muscle, and support mood, metabolism, and cognitive function. Unpack the research.","https://estrogenleftthechat.com/blog/why-protein-perimenopause","","0"
"why-sleep-gets-worse-menopause","Why Sleep Gets Worse in Menopause — And How to Fix It","Sleep & Stress","","informational","Why does sleep get worse during menopause? Understand the hormonal causes and discover proven strategies to restore quality sleep in midlife.","https://estrogenleftthechat.com/blog/why-sleep-gets-worse-menopause","","0"
"why-traditional-diets-stop-working-after-40","Why Traditional Diets Stop Working After 40","Weight Gain After 40","","informational","Why do traditional diets stop working after 40? Learn the metabolic and hormonal reasons and discover what works for women in midlife.","https://estrogenleftthechat.com/blog/why-traditional-diets-stop-working-after-40","","0"
"why-wake-up-3am-menopause","Why You Wake Up at 3 AM Every Night in Menopause: The Science-Backed Truth","Sleep & Stress","why do i wake up at 3am every night menopause","informational","Frequently waking at 3 AM in menopause? It's not just you. This article dives into the hormonal shifts, stress, and sleep disruptions behind these frustrating early morning awakenings and offers actionable science-backed solutions.","https://estrogenleftthechat.com/blog/why-wake-up-3am-menopause","10.1111/jog.70276; 10.1109/JTEHM.2026.3675676; 10.2174/0118746098434021260107062622","3"
"why-waking-at-3am-perimenopause","Why Waking at 3 AM in Perimenopause Isn't Just Bad Sleep","Perimenopause","waking up at 3am perimenopause","informational","Discover why you're waking up at 3 AM in perimenopause. Learn how fluctuating hormones disrupt sleep and practical steps to regain restful nights.","https://estrogenleftthechat.com/blog/why-waking-at-3am-perimenopause","10.1080/13625187.2026.2659158; 10.1111/jog.70272; 10.21037/jtd-2025-aw-2279","3"
"why-weight-loss-after-menopause-is-so-hard","Why Weight Loss After Menopause is So Hard (and What to Do)","Weight Gain After 40","weight loss after menopause","informational","Struggling with weight loss after menopause? Learn the hormonal and metabolic reasons why it's so hard and get actionable strategies from 'Estrogen Left the Chat' to finally see results.","https://estrogenleftthechat.com/blog/why-weight-loss-after-menopause-is-so-hard","","0"
"why-you-wake-up-at-3am-menopause-adhd-gut-metabolism","Why You Wake Up at 3 AM in Menopause: ADHD, Gut & Metabolism","Sleep & Stress","why wake up at 3am menopause","informational","Discover why you wake up at 3 AM in menopause. Expert opinion on the role of hormonal shifts, ADHD, gut-brain axis, stress, and metabolism. Get actionable insights.","https://estrogenleftthechat.com/blog/why-you-wake-up-at-3am-menopause-adhd-gut-metabolism","10.1007/s40266-026-01291-z; 10.1039/d6fo00429f; 10.1007/s00520-026-10680-4","3"